{"cameraMode":{"drawMode":0,"name":"Shaded","section":"Shading Mode"},"sceneLighting":false,"audioPlay":false,"sceneViewState":{"showFog":true,"showMaterialUpdate":false,"showSkybox":true,"showFlares":true,"showImageEffects":true,"showParticleSystems":true},"in2DMode":false,"pivot":{"x":-59.08927536010742,"y":10.354532241821289,"z":-11.39656925201416},"rotation":{"x":-0.10711348801851273,"y":-0.8332576751708984,"z":0.17368406057357789,"w":-0.5138628482818604},"size":111.05625915527344,"orthographic":false}