{"cameraMode":{"drawMode":0,"name":"Shaded","section":"Shading Mode"},"sceneLighting":false,"audioPlay":false,"sceneViewState":{"showFog":true,"showMaterialUpdate":false,"showSkybox":true,"showFlares":true,"showImageEffects":true,"showParticleSystems":true},"in2DMode":false,"pivot":{"x":-59.31879425048828,"y":2.5918426513671877,"z":0.7927470207214356},"rotation":{"x":0.15002787113189698,"y":0.062242988497018817,"z":-0.009464199654757977,"w":0.9866759181022644},"size":65.75743103027344,"orthographic":false}