{"cameraMode":{"drawMode":0,"name":"Shaded","section":"Shading Mode"},"sceneLighting":false,"audioPlay":false,"sceneViewState":{"showFog":true,"showMaterialUpdate":false,"showSkybox":true,"showFlares":true,"showImageEffects":true,"showParticleSystems":true},"in2DMode":false,"pivot":{"x":-30.905658721923829,"y":2.9338202476501467,"z":1.2887797355651856},"rotation":{"x":-0.08830421417951584,"y":-0.8317424058914185,"z":0.13849662244319917,"w":-0.5303117632865906},"size":30.96527671813965,"orthographic":false}