{"cameraMode":{"drawMode":0,"name":"Shaded","section":"Shading Mode"},"sceneLighting":true,"audioPlay":false,"sceneViewState":{"showFog":true,"showMaterialUpdate":false,"showSkybox":true,"showFlares":true,"showImageEffects":true,"showParticleSystems":true},"in2DMode":false,"pivot":{"x":-1085.629150390625,"y":912.227294921875,"z":841.2869873046875},"rotation":{"x":0.5876337289810181,"y":0.23872056603431703,"z":-0.18702180683612824,"w":0.7501706480979919},"size":4659.89111328125,"orthographic":true}